Infosys,"
				Graduate - Technology Associate - Canberra
			",https://digitalcareers.infosys.com/global-careers/company-job/description/reqid/107031BR,"
",
Infosys,"
				Graduate - Technology Associate - Auckland
			",https://digitalcareers.infosys.com/global-careers/company-job/description/reqid/107033BR,"
",
Infosys,"
				Graduate - Technology Associate - Perth
			",https://digitalcareers.infosys.com/global-careers/company-job/description/reqid/107032BR,"
",
Infosys,"
				Graduate - Technology Associate - Sydney
			",https://digitalcareers.infosys.com/global-careers/company-job/description/reqid/107034BR,"
",
