Adobe,HR Consultant - FTC 6 months ,https://careers.adobe.com/us/en/job/R133469/HR-Consultant--FTC-6-months-,"
                    Paris, Paris, France
                ","You will support various levels of management, while being a key partner among the EMEA Employment Law team, HRBPs, Centers of Excellence (CoEs), and the rest of the Employee Resource Center (ERC), the..."
Adobe,Professional Services Consultant 3 ,https://careers.adobe.com/us/en/job/R135688/Professional-Services-Consultant-3-,"
                    Bangalore, Karnataka, India
                ","Preferred,  Good understanding of and hands- on development experience with relevant ""Java CMS"" frameworks including Apache Sling for content- centric application development, JCR and JSR- 170 / JSR- 283..."
Adobe,Technical Consultant-SCoE ,https://careers.adobe.com/us/en/job/R134366/Technical-ConsultantSCoE-,"
                    Noida, Uttar Pradesh, India
                ",CJM ( Customer Journey management ) Sr Consultant position is an Innovation and Solution incubation role requiring both technical and business/marketing knowledge and skills. He/she will also be responsible...
Adobe,Enterprise Sales Account Manager - SLG ,https://careers.adobe.com/us/en/job/R136510/Enterprise-Sales-Account-Manager--SLG-,"
                    Remote, Utah, United States of America
                ",The Enterprise Account Manager will be responsible selling a suite of Adobe’s digital experience solutions across State/Local Government agencies. The role will partner with the State/Local Government...
Adobe,"Adobe Consulting, Content & Commerce consultant ",https://careers.adobe.com/us/en/job/R136727/Adobe-Consulting-Content--Commerce-consultant-,"
                    Seoul, Seoul, Korea, Republic of
                ",The consultant in C&C practice(Content(AEM) & Commerce(Magento)) will work directly with our customers to initiate and manage their Digital Assets management system and implementations using the Adobe’s...
Adobe,Principal Enterprise Architect 5 ,https://careers.adobe.com/us/en/job/R136919/Principal-Enterprise-Architect-5-,"
                    Seoul, Seoul, Korea, Republic of
                ",The Architect will bring to bear their deep knowledge of digital experience and marketing technology to align enterprise and solution architecture to strategy. The successful MSA will have deep digital...
Adobe,Sr. Growth Product Manager ,https://careers.adobe.com/us/en/job/R136052/Sr-Growth-Product-Manager-,"
                    San Jose, California, United States of America
                ","In this role you will be responsible to drive growth and improve customer experience for Acquisition and Retention experiences such as Checkout, Subscription Management across consumer and business customer..."
Adobe,"Vice President, Americas Professional Services Sales ",https://careers.adobe.com/us/en/job/R136062/Vice-President-Americas-Professional-Services-Sales-,"
                    San Jose, California, United States of America
                ",The VP of Professional Services Sales will be responsible for the consulting and training sales teams for Adobe's Americas Consulting business. They will lead teams in defining Go-To-Market and customer...
Adobe,"Senior Manager, Americas Small Business Digital Growth ",https://careers.adobe.com/us/en/job/R134139/Senior-Manager-Americas-Small-Business-Digital-Growth-,"
                    San Jose, California, United States of America
                ",This role is highly cross functional and will collaborate across several organizations to ensure goal alignment and strong execution of strategic priorities that contribute to driving ARR and Business...
Adobe,Enterprise Sales Account Manager ,https://careers.adobe.com/us/en/job/R135526/Enterprise-Sales-Account-Manager-,"
                    Remote, New York, United States of America
                ",This includes the development of long-term relationships with senior executives and functional stakeholders at key accounts as well as crafting account plans for new relationships. Develop relationships...
